,geo_value,signal,time_value,issue,lag,value,stderr,sample_size,geo_type,data_source
0,53033,smoothed_wcli,2020-04-06,2020-09-03,150,0.5402593,0.237496,1099.6901,county,fb-survey
1,53035,smoothed_wcli,2020-04-06,2020-09-03,150,1.959166,1.2214303,116.104,county,fb-survey
2,53053,smoothed_wcli,2020-04-06,2020-09-03,150,0.6493821,0.3538802,400.1575,county,fb-survey
3,53061,smoothed_wcli,2020-04-06,2020-09-03,150,0.8633404,0.4649219,390.9064,county,fb-survey
4,53027,smoothed_wcli,2020-04-07,2020-09-03,149,1.9959349,1.0106717,130.6375,county,fb-survey
5,53033,smoothed_wcli,2020-04-07,2020-09-03,149,0.5549137,0.1463412,3400.7339,county,fb-survey
6,53035,smoothed_wcli,2020-04-07,2020-09-03,149,0.9304817,0.5545008,429.2616,county,fb-survey
7,53053,smoothed_wcli,2020-04-07,2020-09-03,149,0.8394135,0.2723563,1412.7698,county,fb-survey
8,53061,smoothed_wcli,2020-04-07,2020-09-03,149,1.1459135,0.3737768,1270.9381,county,fb-survey
9,53027,smoothed_wcli,2020-04-08,2020-09-03,148,1.4499307,0.6622845,228.2182,county,fb-survey
10,53033,smoothed_wcli,2020-04-08,2020-09-03,148,0.4723885,0.1029509,5367.1255,county,fb-survey
11,53035,smoothed_wcli,2020-04-08,2020-09-03,148,1.0015962,0.4807888,768.3688,county,fb-survey
12,53053,smoothed_wcli,2020-04-08,2020-09-03,148,0.7256897,0.1968404,2264.3386,county,fb-survey
13,53061,smoothed_wcli,2020-04-08,2020-09-03,148,0.9979946,0.2856092,2064.8767,county,fb-survey
14,53027,smoothed_wcli,2020-04-09,2020-09-03,147,1.0896892,0.4753617,308.2096,county,fb-survey
15,53033,smoothed_wcli,2020-04-09,2020-09-03,147,0.4741044,0.0850748,7040.3442,county,fb-survey
16,53035,smoothed_wcli,2020-04-09,2020-09-03,147,0.8589419,0.377466,1031.6048,county,fb-survey
17,53053,smoothed_wcli,2020-04-09,2020-09-03,147,0.6507525,0.1565337,2976.1265,county,fb-survey
18,53061,smoothed_wcli,2020-04-09,2020-09-03,147,0.9290412,0.2254597,2695.665,county,fb-survey
19,53027,smoothed_wcli,2020-04-10,2020-09-03,146,1.1511302,0.4773626,349.6853,county,fb-survey
20,53033,smoothed_wcli,2020-04-10,2020-09-03,146,0.5594034,0.098907,7818.5897,county,fb-survey
21,53035,smoothed_wcli,2020-04-10,2020-09-03,146,1.0547223,0.4537452,1142.708,county,fb-survey
22,53053,smoothed_wcli,2020-04-10,2020-09-03,146,0.5487779,0.1286065,3360.8693,county,fb-survey
23,53061,smoothed_wcli,2020-04-10,2020-09-03,146,0.7544419,0.1837187,2979.5817,county,fb-survey
24,53027,smoothed_wcli,2020-04-11,2020-09-03,145,1.213467,0.4936741,362.6468,county,fb-survey
25,53033,smoothed_wcli,2020-04-11,2020-09-03,145,0.5640371,0.1141037,8006.9522,county,fb-survey
26,53035,smoothed_wcli,2020-04-11,2020-09-03,145,0.8577569,0.2905105,1173.7248,county,fb-survey
27,53053,smoothed_wcli,2020-04-11,2020-09-03,145,1.0359208,0.3167698,3448.1584,county,fb-survey
28,53061,smoothed_wcli,2020-04-11,2020-09-03,145,0.6243047,0.1560752,3073.7581,county,fb-survey
29,53027,smoothed_wcli,2020-04-12,2020-09-03,144,1.2179504,0.4963306,366.6468,county,fb-survey
30,53033,smoothed_wcli,2020-04-12,2020-09-03,144,0.5127041,0.068923,8066.8963,county,fb-survey
31,53035,smoothed_wcli,2020-04-12,2020-09-03,144,0.7914399,0.2253829,1183.728,county,fb-survey
32,53053,smoothed_wcli,2020-04-12,2020-09-03,144,1.1970375,0.4513711,3469.2143,county,fb-survey
33,53061,smoothed_wcli,2020-04-12,2020-09-03,144,0.5805176,0.1302846,3095.6087,county,fb-survey
34,53027,smoothed_wcli,2020-04-13,2020-09-03,143,0.9800336,0.4371179,362.2591,county,fb-survey
35,53033,smoothed_wcli,2020-04-13,2020-09-03,143,0.5253179,0.0728889,7566.7538,county,fb-survey
36,53035,smoothed_wcli,2020-04-13,2020-09-03,143,0.5748338,0.1775564,1163.6872,county,fb-survey
37,53053,smoothed_wcli,2020-04-13,2020-09-03,143,1.219947,0.454283,3322.087,county,fb-survey
38,53061,smoothed_wcli,2020-04-13,2020-09-03,143,0.4729279,0.1158841,2969.81,county,fb-survey
39,53027,smoothed_wcli,2020-04-14,2020-09-03,142,0.726577,0.4719427,290.8436,county,fb-survey
40,53033,smoothed_wcli,2020-04-14,2020-09-03,142,0.5052632,0.0832493,5613.4248,county,fb-survey
41,53035,smoothed_wcli,2020-04-14,2020-09-03,142,0.6243213,0.2101178,897.604,county,fb-survey
42,53053,smoothed_wcli,2020-04-14,2020-09-03,142,1.138445,0.4581692,2623.6875,county,fb-survey
43,53061,smoothed_wcli,2020-04-14,2020-09-03,142,0.2925305,0.0986614,2386.5883,county,fb-survey
44,53027,smoothed_wcli,2020-04-15,2020-09-03,141,0.6088396,0.5209145,202.7949,county,fb-survey
45,53033,smoothed_wcli,2020-04-15,2020-09-03,141,0.5624946,0.1082196,3888.6466,county,fb-survey
46,53035,smoothed_wcli,2020-04-15,2020-09-03,141,0.5465695,0.2689555,586.5336,county,fb-survey
47,53053,smoothed_wcli,2020-04-15,2020-09-03,141,1.1681609,0.4669222,1997.7379,county,fb-survey
48,53061,smoothed_wcli,2020-04-15,2020-09-03,141,0.3485636,0.1427387,1792.5619,county,fb-survey
49,53027,smoothed_wcli,2020-04-16,2020-09-03,140,0.7957568,0.7655478,135.572,county,fb-survey
50,53033,smoothed_wcli,2020-04-16,2020-09-03,140,0.5678336,0.1379376,2463.2299,county,fb-survey
51,53035,smoothed_wcli,2020-04-16,2020-09-03,140,0.5704761,0.3786081,354.3384,county,fb-survey
52,53053,smoothed_wcli,2020-04-16,2020-09-03,140,1.2379481,0.4790194,1547.4376,county,fb-survey
53,53061,smoothed_wcli,2020-04-16,2020-09-03,140,0.2301572,0.1402665,1333.2818,county,fb-survey
54,53027,smoothed_wcli,2020-04-17,2020-09-03,139,0.1470582,0.4645868,106.8036,county,fb-survey
55,53033,smoothed_wcli,2020-04-17,2020-09-03,139,0.44762,0.1448595,1863.8211,county,fb-survey
56,53035,smoothed_wcli,2020-04-17,2020-09-03,139,0.6762565,0.5056614,269.2488,county,fb-survey
57,53053,smoothed_wcli,2020-04-17,2020-09-03,139,1.2456118,0.4841568,1329.3311,county,fb-survey
58,53061,smoothed_wcli,2020-04-17,2020-09-03,139,0.2879833,0.1546554,1175.4854,county,fb-survey
59,53033,smoothed_wcli,2020-04-18,2020-09-03,138,0.3850997,0.1316557,1845.7444,county,fb-survey
60,53035,smoothed_wcli,2020-04-18,2020-09-03,138,0.6976416,0.5207849,257.3168,county,fb-survey
61,53053,smoothed_wcli,2020-04-18,2020-09-03,138,0.9586336,0.4602767,1450.6746,county,fb-survey
62,53061,smoothed_wcli,2020-04-18,2020-09-03,138,0.3041989,0.1507186,1240.1506,county,fb-survey
63,53027,smoothed_wcli,2020-04-19,2020-09-03,137,0.1505823,0.4770418,103.5479,county,fb-survey
64,53033,smoothed_wcli,2020-04-19,2020-09-03,137,0.282579,0.1052091,1995.2447,county,fb-survey
65,53035,smoothed_wcli,2020-04-19,2020-09-03,137,0.7008841,0.5253727,272.3544,county,fb-survey
66,53053,smoothed_wcli,2020-04-19,2020-09-03,137,0.4850567,0.1726462,1640.932,county,fb-survey
67,53061,smoothed_wcli,2020-04-19,2020-09-03,137,0.2935155,0.142538,1378.4835,county,fb-survey
68,53033,smoothed_wcli,2020-04-20,2020-09-03,136,0.164002,0.0813974,1599.9265,county,fb-survey
69,53035,smoothed_wcli,2020-04-20,2020-09-03,136,0.8970085,0.6829771,206.3184,county,fb-survey
70,53053,smoothed_wcli,2020-04-20,2020-09-03,136,0.3821518,0.1524572,1591.8881,county,fb-survey
71,53061,smoothed_wcli,2020-04-20,2020-09-03,136,0.2838837,0.1449849,1246.3227,county,fb-survey
72,53033,smoothed_wcli,2020-04-21,2020-09-03,135,0.1847278,0.0886237,1452.3618,county,fb-survey
73,53035,smoothed_wcli,2020-04-21,2020-09-03,135,1.0751107,0.713154,192.2608,county,fb-survey
74,53053,smoothed_wcli,2020-04-21,2020-09-03,135,0.4248381,0.1643899,1513.0435,county,fb-survey
75,53061,smoothed_wcli,2020-04-21,2020-09-03,135,0.3160508,0.1594695,1119.9748,county,fb-survey
76,53033,smoothed_wcli,2020-04-22,2020-09-03,134,0.1675046,0.0853937,1433.6998,county,fb-survey
77,53035,smoothed_wcli,2020-04-22,2020-09-03,134,0.6669567,0.5848058,201.2848,county,fb-survey
78,53053,smoothed_wcli,2020-04-22,2020-09-03,134,0.4655725,0.1851936,1555.3479,county,fb-survey
79,53061,smoothed_wcli,2020-04-22,2020-09-03,134,0.4540128,0.2321749,1081.2992,county,fb-survey
80,53033,smoothed_wcli,2020-04-23,2020-09-03,133,0.2256211,0.1018175,1440.8569,county,fb-survey
81,53035,smoothed_wcli,2020-04-23,2020-09-03,133,0.6618201,0.5804623,201.3184,county,fb-survey
82,53053,smoothed_wcli,2020-04-23,2020-09-03,133,0.3839252,0.1798715,1538.3596,county,fb-survey
83,53061,smoothed_wcli,2020-04-23,2020-09-03,133,0.4374474,0.2284957,1108.4276,county,fb-survey
84,53033,smoothed_wcli,2020-04-24,2020-09-03,132,0.4042245,0.1380274,1487.9533,county,fb-survey
85,53035,smoothed_wcli,2020-04-24,2020-09-03,132,0.1357093,0.2544885,221.3248,county,fb-survey
86,53053,smoothed_wcli,2020-04-24,2020-09-03,132,0.4660377,0.1818021,1650.5069,county,fb-survey
87,53061,smoothed_wcli,2020-04-24,2020-09-03,132,0.5398141,0.2398418,1179.2572,county,fb-survey
88,53033,smoothed_wcli,2020-04-25,2020-09-03,131,0.4601297,0.1467929,1643.111,county,fb-survey
89,53035,smoothed_wcli,2020-04-25,2020-09-03,131,0.1309911,0.2443547,239.2736,county,fb-survey
90,53053,smoothed_wcli,2020-04-25,2020-09-03,131,0.4479065,0.1555597,1776.9571,county,fb-survey
91,53061,smoothed_wcli,2020-04-25,2020-09-03,131,0.5712564,0.2520787,1209.451,county,fb-survey
92,53033,smoothed_wcli,2020-04-26,2020-09-03,130,0.4645489,0.1505349,1796.5899,county,fb-survey
93,53035,smoothed_wcli,2020-04-26,2020-09-03,130,0.2570479,0.2627206,264.3176,county,fb-survey
94,53053,smoothed_wcli,2020-04-26,2020-09-03,130,0.4765407,0.1548542,1934.8329,county,fb-survey
95,53061,smoothed_wcli,2020-04-26,2020-09-03,130,0.5714993,0.2455144,1313.6043,county,fb-survey
96,53027,smoothed_wcli,2020-04-27,2020-06-11,45,0.952381,1.0148565,101.4629,county,fb-survey
97,53033,smoothed_wcli,2020-04-27,2020-09-03,129,0.4926364,0.1512912,1937.6991,county,fb-survey
98,53035,smoothed_wcli,2020-04-27,2020-09-03,129,0.5285401,0.3720135,283.3344,county,fb-survey
99,53053,smoothed_wcli,2020-04-27,2020-09-03,129,0.4707412,0.1525475,2060.7963,county,fb-survey
100,53061,smoothed_wcli,2020-04-27,2020-09-03,129,0.6081965,0.2448337,1408.2983,county,fb-survey
101,53027,smoothed_wcli,2020-04-28,2020-09-03,128,0.8664836,0.9546135,111.6973,county,fb-survey
102,53033,smoothed_wcli,2020-04-28,2020-09-03,128,0.4808031,0.1476818,2111.7197,county,fb-survey
103,53035,smoothed_wcli,2020-04-28,2020-09-03,128,0.5713421,0.3783053,309.3816,county,fb-survey
104,53053,smoothed_wcli,2020-04-28,2020-09-03,128,0.4121568,0.1374082,2206.7945,county,fb-survey
105,53061,smoothed_wcli,2020-04-28,2020-09-03,128,0.6423057,0.2510686,1483.4197,county,fb-survey
106,53027,smoothed_wcli,2020-04-29,2020-09-03,127,0.8445577,0.9310144,114.6352,county,fb-survey
107,53033,smoothed_wcli,2020-04-29,2020-09-03,127,0.510276,0.1502744,2145.1795,county,fb-survey
108,53035,smoothed_wcli,2020-04-29,2020-09-03,127,0.5526945,0.3666696,321.3888,county,fb-survey
109,53053,smoothed_wcli,2020-04-29,2020-09-03,127,0.4843332,0.1568875,2243.0556,county,fb-survey
110,53061,smoothed_wcli,2020-04-29,2020-09-03,127,0.4788666,0.1605611,1520.5042,county,fb-survey
111,53027,smoothed_wcli,2020-04-30,2020-09-03,126,0.8112528,0.8948451,119.4008,county,fb-survey
112,53033,smoothed_wcli,2020-04-30,2020-09-03,126,0.5207047,0.1530297,2256.8759,county,fb-survey
113,53035,smoothed_wcli,2020-04-30,2020-09-03,126,0.5293173,0.3508919,345.3584,county,fb-survey
114,53053,smoothed_wcli,2020-04-30,2020-09-03,126,0.565807,0.1640515,2387.961,county,fb-survey
115,53061,smoothed_wcli,2020-04-30,2020-09-03,126,0.76815,0.2150127,1587.1464,county,fb-survey
116,53027,smoothed_wcli,2020-05-01,2020-09-03,125,0.0,0.4047604,119.7959,county,fb-survey
117,53033,smoothed_wcli,2020-05-01,2020-09-03,125,0.3875012,0.1285444,2314.9306,county,fb-survey
118,53035,smoothed_wcli,2020-05-01,2020-09-03,125,0.542002,0.3570809,344.352,county,fb-survey
119,53053,smoothed_wcli,2020-05-01,2020-09-03,125,0.4962757,0.1597243,2442.372,county,fb-survey
120,53061,smoothed_wcli,2020-05-01,2020-09-03,125,0.6238664,0.1920553,1622.0201,county,fb-survey
121,53027,smoothed_wcli,2020-05-02,2020-09-03,124,0.0,0.3952747,122.4053,county,fb-survey
122,53033,smoothed_wcli,2020-05-02,2020-09-03,124,0.3644835,0.1326374,2296.8003,county,fb-survey
123,53035,smoothed_wcli,2020-05-02,2020-09-03,124,0.5117049,0.3435501,353.3896,county,fb-survey
124,53053,smoothed_wcli,2020-05-02,2020-09-03,124,0.4373489,0.1502021,2446.4399,county,fb-survey
125,53061,smoothed_wcli,2020-05-02,2020-09-03,124,0.575168,0.1845913,1647.2884,county,fb-survey
126,53027,smoothed_wcli,2020-05-03,2020-09-03,123,0.0,0.3814719,127.4606,county,fb-survey
127,53033,smoothed_wcli,2020-05-03,2020-09-03,123,0.378953,0.1313857,2244.027,county,fb-survey
128,53035,smoothed_wcli,2020-05-03,2020-09-03,123,0.4151404,0.3359919,340.3488,county,fb-survey
129,53053,smoothed_wcli,2020-05-03,2020-09-03,123,0.3997789,0.1497972,2381.4047,county,fb-survey
130,53061,smoothed_wcli,2020-05-03,2020-09-03,123,0.5687795,0.1870017,1614.5472,county,fb-survey
131,53027,smoothed_wcli,2020-05-04,2020-09-03,122,0.0,0.4019603,120.1664,county,fb-survey
132,53033,smoothed_wcli,2020-05-04,2020-09-03,122,0.4877738,0.1553113,2187.5254,county,fb-survey
133,53035,smoothed_wcli,2020-05-04,2020-09-03,122,0.4379321,0.3535456,334.352,county,fb-survey
134,53053,smoothed_wcli,2020-05-04,2020-09-03,122,0.465528,0.1552735,2371.044,county,fb-survey
135,53061,smoothed_wcli,2020-05-04,2020-09-03,122,0.5223224,0.1822731,1608.2721,county,fb-survey
136,53027,smoothed_wcli,2020-05-05,2020-09-03,121,0.0,0.4469026,107.2064,county,fb-survey
137,53033,smoothed_wcli,2020-05-05,2020-09-03,121,0.4538784,0.1512428,2119.1341,county,fb-survey
138,53035,smoothed_wcli,2020-05-05,2020-09-03,121,0.2671458,0.3175293,318.3016,county,fb-survey
139,53053,smoothed_wcli,2020-05-05,2020-09-03,121,0.4223244,0.1509491,2292.4847,county,fb-survey
140,53061,smoothed_wcli,2020-05-05,2020-09-03,121,0.4127579,0.1595463,1601.7747,county,fb-survey
141,53027,smoothed_wcli,2020-05-06,2020-09-03,120,0.0,0.4213757,113.6594,county,fb-survey
142,53033,smoothed_wcli,2020-05-06,2020-09-03,120,0.4379907,0.1488524,2170.7885,county,fb-survey
143,53035,smoothed_wcli,2020-05-06,2020-09-03,120,0.2815005,0.3304417,307.3008,county,fb-survey
144,53053,smoothed_wcli,2020-05-06,2020-09-03,120,0.3616191,0.1101749,2273.6382,county,fb-survey
145,53061,smoothed_wcli,2020-05-06,2020-09-03,120,0.3869858,0.1708289,1630.1524,county,fb-survey
146,53027,smoothed_wcli,2020-05-07,2020-09-03,119,0.0,0.4508267,105.346,county,fb-survey
147,53033,smoothed_wcli,2020-05-07,2020-09-03,119,0.4860694,0.163683,2073.2832,county,fb-survey
148,53035,smoothed_wcli,2020-05-07,2020-09-03,119,0.2625536,0.3148673,314.3272,county,fb-survey
149,53053,smoothed_wcli,2020-05-07,2020-09-03,119,0.2959062,0.0981834,2182.4926,county,fb-survey
150,53061,smoothed_wcli,2020-05-07,2020-09-03,119,0.2665133,0.1382232,1555.2425,county,fb-survey
151,53027,smoothed_wcli,2020-05-08,2020-06-14,37,0.0,0.4716981,100.7345,county,fb-survey
152,53033,smoothed_wcli,2020-05-08,2020-09-03,118,0.5584247,0.2020956,1861.9003,county,fb-survey
153,53035,smoothed_wcli,2020-05-08,2020-09-03,118,0.296431,0.343996,277.3544,county,fb-survey
154,53053,smoothed_wcli,2020-05-08,2020-09-03,118,0.2868335,0.1020737,1928.7801,county,fb-survey
155,53061,smoothed_wcli,2020-05-08,2020-09-03,118,0.2493847,0.1450531,1369.4841,county,fb-survey
156,53033,smoothed_wcli,2020-05-09,2020-09-03,117,0.5821102,0.2028287,1773.956,county,fb-survey
157,53035,smoothed_wcli,2020-05-09,2020-09-03,117,0.6235099,0.4731492,264.344,county,fb-survey
158,53053,smoothed_wcli,2020-05-09,2020-09-03,117,0.3231853,0.1103435,1810.934,county,fb-survey
159,53061,smoothed_wcli,2020-05-09,2020-09-03,117,0.2705865,0.145994,1323.6215,county,fb-survey
160,53033,smoothed_wcli,2020-05-10,2020-09-03,116,0.5223092,0.1991753,1728.4504,county,fb-survey
161,53035,smoothed_wcli,2020-05-10,2020-09-03,116,0.9941265,0.5977483,257.3136,county,fb-survey
162,53053,smoothed_wcli,2020-05-10,2020-09-03,116,0.3452748,0.1174104,1779.5436,county,fb-survey
163,53061,smoothed_wcli,2020-05-10,2020-09-03,116,0.34351,0.1632233,1275.3337,county,fb-survey
164,53033,smoothed_wcli,2020-05-11,2020-09-03,115,0.5331549,0.1949415,1737.5167,county,fb-survey
165,53035,smoothed_wcli,2020-05-11,2020-09-03,115,0.7293744,0.5046434,269.3104,county,fb-survey
166,53053,smoothed_wcli,2020-05-11,2020-09-03,115,0.3279596,0.1200158,1741.1394,county,fb-survey
167,53061,smoothed_wcli,2020-05-11,2020-09-03,115,0.3426764,0.1630614,1261.5192,county,fb-survey
168,53033,smoothed_wcli,2020-05-12,2020-09-03,114,0.5188245,0.1919883,1716.4773,county,fb-survey
169,53035,smoothed_wcli,2020-05-12,2020-09-03,114,0.9500376,0.545812,277.3576,county,fb-survey
170,53053,smoothed_wcli,2020-05-12,2020-09-03,114,0.329295,0.1206455,1701.9594,county,fb-survey
171,53061,smoothed_wcli,2020-05-12,2020-09-03,114,0.477862,0.1989616,1229.5825,county,fb-survey
172,53033,smoothed_wcli,2020-05-13,2020-09-03,113,0.6749938,0.2345054,1635.8433,county,fb-survey
173,53035,smoothed_wcli,2020-05-13,2020-09-03,113,1.0059049,0.5414217,268.3312,county,fb-survey
174,53053,smoothed_wcli,2020-05-13,2020-09-03,113,0.2190424,0.1005246,1636.6807,county,fb-survey
175,53061,smoothed_wcli,2020-05-13,2020-09-03,113,0.3872538,0.1764796,1147.1994,county,fb-survey
176,53033,smoothed_wcli,2020-05-14,2020-09-03,112,0.5529737,0.2153724,1689.1745,county,fb-survey
177,53035,smoothed_wcli,2020-05-14,2020-09-03,112,1.1133605,0.5987453,240.3016,county,fb-survey
178,53053,smoothed_wcli,2020-05-14,2020-09-03,112,0.1998312,0.098147,1657.0481,county,fb-survey
179,53061,smoothed_wcli,2020-05-14,2020-09-03,112,0.230556,0.1497729,1174.4141,county,fb-survey
180,53033,smoothed_wcli,2020-05-15,2020-09-03,111,0.4479543,0.1755637,2006.599,county,fb-survey
181,53035,smoothed_wcli,2020-05-15,2020-09-03,111,1.2210215,0.579162,278.332,county,fb-survey
182,53053,smoothed_wcli,2020-05-15,2020-09-03,111,0.3550914,0.1328751,1911.3507,county,fb-survey
183,53061,smoothed_wcli,2020-05-15,2020-09-03,111,0.3394323,0.1726596,1397.1811,county,fb-survey
184,53027,smoothed_wcli,2020-05-16,2020-09-03,110,0.8847793,0.9753813,108.0396,county,fb-survey
185,53033,smoothed_wcli,2020-05-16,2020-09-03,110,0.3955765,0.1660431,2124.5382,county,fb-survey
186,53035,smoothed_wcli,2020-05-16,2020-09-03,110,0.9009318,0.4891475,302.3184,county,fb-survey
187,53053,smoothed_wcli,2020-05-16,2020-09-03,110,0.3103285,0.1262158,2057.9799,county,fb-survey
188,53061,smoothed_wcli,2020-05-16,2020-09-03,110,0.3781288,0.1765487,1491.0928,county,fb-survey
189,53027,smoothed_wcli,2020-05-17,2020-09-03,109,0.8606746,0.9494777,111.5859,county,fb-survey
190,53033,smoothed_wcli,2020-05-17,2020-09-03,109,0.3932708,0.1649774,2239.0579,county,fb-survey
191,53035,smoothed_wcli,2020-05-17,2020-09-03,109,0.6418898,0.3577739,329.3112,county,fb-survey
192,53053,smoothed_wcli,2020-05-17,2020-09-03,109,0.393574,0.1453892,2139.0479,county,fb-survey
193,53061,smoothed_wcli,2020-05-17,2020-09-03,109,0.3103872,0.163032,1550.7594,county,fb-survey
194,53027,smoothed_wcli,2020-05-18,2020-09-03,108,0.9391992,1.0333762,102.5874,county,fb-survey
195,53033,smoothed_wcli,2020-05-18,2020-09-03,108,0.2684275,0.1491914,2303.3599,county,fb-survey
196,53035,smoothed_wcli,2020-05-18,2020-09-03,108,0.5940041,0.3586039,323.3928,county,fb-survey
197,53053,smoothed_wcli,2020-05-18,2020-09-03,108,0.3383068,0.1354326,2223.6135,county,fb-survey
198,53061,smoothed_wcli,2020-05-18,2020-09-03,108,0.3162529,0.1658068,1575.9179,county,fb-survey
199,53027,smoothed_wcli,2020-05-19,2020-09-03,107,0.9214179,1.0142279,104.079,county,fb-survey
200,53033,smoothed_wcli,2020-05-19,2020-09-03,107,0.2631605,0.1493517,2351.3081,county,fb-survey
201,53035,smoothed_wcli,2020-05-19,2020-09-03,107,0.368598,0.2798352,309.376,county,fb-survey
202,53053,smoothed_wcli,2020-05-19,2020-09-03,107,0.354621,0.1355048,2260.4352,county,fb-survey
203,53061,smoothed_wcli,2020-05-19,2020-09-03,107,0.1863728,0.1231974,1591.9239,county,fb-survey
204,53027,smoothed_wcli,2020-05-20,2020-09-03,106,0.9139721,1.0059615,105.6477,county,fb-survey
205,53033,smoothed_wcli,2020-05-20,2020-09-03,106,0.1478445,0.0753025,2594.2959,county,fb-survey
206,53035,smoothed_wcli,2020-05-20,2020-09-03,106,0.2844239,0.2511065,351.3824,county,fb-survey
207,53053,smoothed_wcli,2020-05-20,2020-09-03,106,0.5048055,0.1493673,2466.7072,county,fb-survey
208,53061,smoothed_wcli,2020-05-20,2020-09-03,106,0.2827961,0.1327114,1756.8301,county,fb-survey
209,53027,smoothed_wcli,2020-05-21,2020-05-24,3,0.952381,1.0239508,100.7682,county,fb-survey
210,53033,smoothed_wcli,2020-05-21,2020-09-03,105,0.1599797,0.075911,2675.1483,county,fb-survey
211,53035,smoothed_wcli,2020-05-21,2020-09-03,105,0.2755515,0.2499078,374.416,county,fb-survey
212,53053,smoothed_wcli,2020-05-21,2020-09-03,105,0.528701,0.1519522,2513.0689,county,fb-survey
213,53061,smoothed_wcli,2020-05-21,2020-09-03,105,0.2979394,0.1340743,1807.0255,county,fb-survey
214,53027,smoothed_wcli,2020-05-22,2020-09-03,104,0.0,0.44678,106.256,county,fb-survey
215,53033,smoothed_wcli,2020-05-22,2020-09-03,104,0.1619767,0.076584,2653.3035,county,fb-survey
216,53035,smoothed_wcli,2020-05-22,2020-09-03,104,0.886749,0.6124024,383.3952,county,fb-survey
217,53053,smoothed_wcli,2020-05-22,2020-09-03,104,0.4000236,0.1226613,2511.2757,county,fb-survey
218,53061,smoothed_wcli,2020-05-22,2020-09-03,104,0.3549051,0.1495095,1794.5443,county,fb-survey
219,53027,smoothed_wcli,2020-05-23,2020-09-03,103,0.9106126,1.0030999,104.997,county,fb-survey
220,53033,smoothed_wcli,2020-05-23,2020-09-03,103,0.135667,0.0670494,2670.9983,county,fb-survey
221,53035,smoothed_wcli,2020-05-23,2020-09-03,103,0.8413281,0.5519463,383.3544,county,fb-survey
222,53053,smoothed_wcli,2020-05-23,2020-09-03,103,0.4038766,0.1218445,2503.0258,county,fb-survey
223,53061,smoothed_wcli,2020-05-23,2020-09-03,103,0.2940081,0.1440752,1770.228,county,fb-survey
224,53027,smoothed_wcli,2020-05-24,2020-09-03,102,0.9022064,0.9940436,105.6235,county,fb-survey
225,53033,smoothed_wcli,2020-05-24,2020-09-03,102,0.1353054,0.0668397,2695.2902,county,fb-survey
226,53035,smoothed_wcli,2020-05-24,2020-09-03,102,0.7322757,0.5418298,384.3816,county,fb-survey
227,53053,smoothed_wcli,2020-05-24,2020-09-03,102,0.3796059,0.1198264,2499.5312,county,fb-survey
228,53061,smoothed_wcli,2020-05-24,2020-09-03,102,0.3120505,0.1432715,1816.861,county,fb-survey
229,53027,smoothed_wcli,2020-05-25,2020-09-03,101,0.8210304,0.9060875,116.1532,county,fb-survey
230,53033,smoothed_wcli,2020-05-25,2020-09-03,101,0.1481816,0.0672146,2813.2392,county,fb-survey
231,53035,smoothed_wcli,2020-05-25,2020-09-03,101,0.7517249,0.551004,374.3784,county,fb-survey
232,53053,smoothed_wcli,2020-05-25,2020-09-03,101,0.3804612,0.1200702,2519.036,county,fb-survey
233,53061,smoothed_wcli,2020-05-25,2020-09-03,101,0.3566163,0.1453407,1874.5923,county,fb-survey
234,53027,smoothed_wcli,2020-05-26,2020-09-03,100,0.7606264,0.8402374,125.7214,county,fb-survey
235,53033,smoothed_wcli,2020-05-26,2020-09-03,100,0.2011187,0.0798999,2923.6196,county,fb-survey
236,53035,smoothed_wcli,2020-05-26,2020-09-03,100,1.3282392,0.7652377,398.3784,county,fb-survey
237,53053,smoothed_wcli,2020-05-26,2020-09-03,100,0.3924807,0.1215714,2615.7431,county,fb-survey
238,53061,smoothed_wcli,2020-05-26,2020-09-03,100,0.3872769,0.1491832,1917.9922,county,fb-survey
239,53027,smoothed_wcli,2020-05-27,2020-09-03,99,0.7387025,0.817666,128.0738,county,fb-survey
240,53033,smoothed_wcli,2020-05-27,2020-09-03,99,0.177498,0.0690413,2846.7873,county,fb-survey
241,53035,smoothed_wcli,2020-05-27,2020-09-03,99,1.4244377,0.7726113,384.4056,county,fb-survey
242,53053,smoothed_wcli,2020-05-27,2020-09-03,99,0.2979844,0.1086686,2563.7466,county,fb-survey
243,53061,smoothed_wcli,2020-05-27,2020-09-03,99,0.306886,0.1402546,1850.9612,county,fb-survey
244,53027,smoothed_wcli,2020-05-28,2020-09-03,98,0.7264184,0.8043771,130.3482,county,fb-survey
245,53033,smoothed_wcli,2020-05-28,2020-09-03,98,0.1666321,0.0685764,2798.6361,county,fb-survey
246,53035,smoothed_wcli,2020-05-28,2020-09-03,98,1.5325819,0.771037,388.3816,county,fb-survey
247,53053,smoothed_wcli,2020-05-28,2020-09-03,98,0.3458907,0.1163698,2543.3509,county,fb-survey
248,53061,smoothed_wcli,2020-05-28,2020-09-03,98,0.3107401,0.1405286,1818.1362,county,fb-survey
249,53027,smoothed_wcli,2020-05-29,2020-09-03,97,0.7565357,0.8365054,125.9748,county,fb-survey
250,53033,smoothed_wcli,2020-05-29,2020-09-03,97,0.18726,0.0752746,2793.934,county,fb-survey
251,53035,smoothed_wcli,2020-05-29,2020-09-03,97,0.803094,0.5758741,387.3752,county,fb-survey
252,53053,smoothed_wcli,2020-05-29,2020-09-03,97,0.3607515,0.1176879,2543.965,county,fb-survey
253,53061,smoothed_wcli,2020-05-29,2020-09-03,97,0.2287321,0.0932523,1810.4739,county,fb-survey
254,53027,smoothed_wcli,2020-05-30,2020-09-03,96,0.0,0.3721344,128.5038,county,fb-survey
255,53033,smoothed_wcli,2020-05-30,2020-09-03,96,0.1690949,0.0720358,2860.9425,county,fb-survey
256,53035,smoothed_wcli,2020-05-30,2020-09-03,96,0.8083639,0.5773548,386.4536,county,fb-survey
257,53053,smoothed_wcli,2020-05-30,2020-09-03,96,0.3643444,0.1206203,2532.4534,county,fb-survey
258,53061,smoothed_wcli,2020-05-30,2020-09-03,96,0.2262266,0.0927147,1813.9837,county,fb-survey
259,53027,smoothed_wcli,2020-05-31,2020-09-03,95,0.0,0.3694251,129.0361,county,fb-survey
260,53033,smoothed_wcli,2020-05-31,2020-09-03,95,0.1866752,0.0731186,2839.6299,county,fb-survey
261,53035,smoothed_wcli,2020-05-31,2020-09-03,95,1.4165805,0.8335267,380.464,county,fb-survey
262,53053,smoothed_wcli,2020-05-31,2020-09-03,95,0.416609,0.1536097,2517.8628,county,fb-survey
263,53061,smoothed_wcli,2020-05-31,2020-09-03,95,0.2357313,0.0961835,1755.4158,county,fb-survey
264,53027,smoothed_wcli,2020-06-01,2020-09-03,94,0.0,0.3918663,121.2503,county,fb-survey
265,53033,smoothed_wcli,2020-06-01,2020-09-03,94,0.2230872,0.0845173,2807.7499,county,fb-survey
266,53035,smoothed_wcli,2020-06-01,2020-09-03,94,1.3831346,0.8192749,415.4432,county,fb-survey
267,53053,smoothed_wcli,2020-06-01,2020-09-03,94,0.5021663,0.1863929,2497.4352,county,fb-survey
268,53061,smoothed_wcli,2020-06-01,2020-09-03,94,0.2513597,0.1098805,1713.6072,county,fb-survey
269,53027,smoothed_wcli,2020-06-02,2020-09-03,93,0.0,0.3883439,122.4476,county,fb-survey
270,53033,smoothed_wcli,2020-06-02,2020-09-03,93,0.1909333,0.0775257,2763.1254,county,fb-survey
271,53035,smoothed_wcli,2020-06-02,2020-09-03,93,0.9606782,0.6511025,400.4632,county,fb-survey
272,53053,smoothed_wcli,2020-06-02,2020-09-03,93,0.4927506,0.1876157,2420.8415,county,fb-survey
273,53061,smoothed_wcli,2020-06-02,2020-09-03,93,0.2211832,0.1055794,1698.8088,county,fb-survey
274,53027,smoothed_wcli,2020-06-03,2020-09-03,92,0.0,0.3796444,125.3467,county,fb-survey
275,53033,smoothed_wcli,2020-06-03,2020-09-03,92,0.2981812,0.1098908,2755.7145,county,fb-survey
276,53035,smoothed_wcli,2020-06-03,2020-09-03,92,0.8617735,0.6401805,413.4328,county,fb-survey
277,53053,smoothed_wcli,2020-06-03,2020-09-03,92,0.4849585,0.1884721,2374.6795,county,fb-survey
278,53061,smoothed_wcli,2020-06-03,2020-09-03,92,0.1997818,0.1027378,1714.2505,county,fb-survey
279,53027,smoothed_wcli,2020-06-04,2020-09-03,91,0.0,0.3882618,123.5779,county,fb-survey
280,53033,smoothed_wcli,2020-06-04,2020-09-03,91,0.3685839,0.1178054,2822.9201,county,fb-survey
281,53035,smoothed_wcli,2020-06-04,2020-09-03,91,0.9224855,0.7688064,419.4128,county,fb-survey
282,53053,smoothed_wcli,2020-06-04,2020-09-03,91,0.4122815,0.1827405,2355.9989,county,fb-survey
283,53061,smoothed_wcli,2020-06-04,2020-09-03,91,0.2004391,0.1009448,1742.8018,county,fb-survey
284,53027,smoothed_wcli,2020-06-05,2020-09-03,90,0.0,0.4102201,116.1116,county,fb-survey
285,53033,smoothed_wcli,2020-06-05,2020-09-03,90,0.3382087,0.1139904,2779.8367,county,fb-survey
286,53035,smoothed_wcli,2020-06-05,2020-09-03,90,0.9243214,0.7712028,413.44,county,fb-survey
287,53053,smoothed_wcli,2020-06-05,2020-09-03,90,0.3876485,0.1819748,2313.9262,county,fb-survey
288,53061,smoothed_wcli,2020-06-05,2020-09-03,90,0.1253277,0.0804128,1696.0741,county,fb-survey
289,53027,smoothed_wcli,2020-06-06,2020-09-03,89,0.0,0.4505861,105.6436,county,fb-survey
290,53033,smoothed_wcli,2020-06-06,2020-09-03,89,0.6798584,0.3290725,2640.364,county,fb-survey
291,53035,smoothed_wcli,2020-06-06,2020-09-03,89,0.7466308,0.5884577,393.3856,county,fb-survey
292,53053,smoothed_wcli,2020-06-06,2020-09-03,89,0.3891791,0.1810519,2224.6746,county,fb-survey
293,53061,smoothed_wcli,2020-06-06,2020-09-03,89,0.1253227,0.0810265,1642.6301,county,fb-survey
294,53027,smoothed_wcli,2020-06-07,2020-09-03,88,0.0,0.4426695,108.2104,county,fb-survey
295,53033,smoothed_wcli,2020-06-07,2020-09-03,88,0.8118226,0.3383987,2608.1649,county,fb-survey
296,53035,smoothed_wcli,2020-06-07,2020-09-03,88,0.1912131,0.2009001,393.3856,county,fb-survey
297,53053,smoothed_wcli,2020-06-07,2020-09-03,88,0.2648488,0.1283923,2226.4038,county,fb-survey
298,53061,smoothed_wcli,2020-06-07,2020-09-03,88,0.1602489,0.0989161,1633.9266,county,fb-survey
299,53027,smoothed_wcli,2020-06-08,2020-09-03,87,0.0,0.4465898,107.3278,county,fb-survey
300,53033,smoothed_wcli,2020-06-08,2020-09-03,87,0.7550702,0.3397878,2513.201,county,fb-survey
301,53035,smoothed_wcli,2020-06-08,2020-09-03,87,0.2114203,0.2192786,353.3688,county,fb-survey
302,53053,smoothed_wcli,2020-06-08,2020-09-03,87,0.209634,0.0790863,2168.532,county,fb-survey
303,53061,smoothed_wcli,2020-06-08,2020-09-03,87,0.1412895,0.0834183,1647.8596,county,fb-survey
304,53027,smoothed_wcli,2020-06-09,2020-06-12,3,0.0,0.4761905,100.4437,county,fb-survey
305,53033,smoothed_wcli,2020-06-09,2020-09-03,86,0.8061541,0.3406653,2458.0619,county,fb-survey
306,53035,smoothed_wcli,2020-06-09,2020-09-03,86,0.0989443,0.1649259,349.3688,county,fb-survey
307,53053,smoothed_wcli,2020-06-09,2020-09-03,86,0.2183009,0.0793742,2134.606,county,fb-survey
308,53061,smoothed_wcli,2020-06-09,2020-09-03,86,0.1666753,0.0860505,1586.9367,county,fb-survey
309,53033,smoothed_wcli,2020-06-10,2020-09-03,85,0.7390513,0.3338086,2439.8258,county,fb-survey
310,53035,smoothed_wcli,2020-06-10,2020-09-03,85,0.1084786,0.1739508,326.3856,county,fb-survey
311,53053,smoothed_wcli,2020-06-10,2020-09-03,85,0.2620559,0.091748,2102.3679,county,fb-survey
312,53061,smoothed_wcli,2020-06-10,2020-09-03,85,0.1701758,0.0880619,1530.2569,county,fb-survey
313,53027,smoothed_wcli,2020-06-11,2020-09-03,84,0.445636,0.6211272,107.7005,county,fb-survey
314,53033,smoothed_wcli,2020-06-11,2020-09-03,84,0.8581659,0.3525895,2397.2344,county,fb-survey
315,53035,smoothed_wcli,2020-06-11,2020-09-03,84,0.05304,0.1702151,304.416,county,fb-survey
316,53053,smoothed_wcli,2020-06-11,2020-09-03,84,0.3313608,0.1044959,2115.0654,county,fb-survey
317,53061,smoothed_wcli,2020-06-11,2020-09-03,84,0.2725366,0.1483024,1489.276,county,fb-survey
318,53027,smoothed_wcli,2020-06-12,2020-09-03,83,0.7592105,0.6493198,125.3466,county,fb-survey
319,53033,smoothed_wcli,2020-06-12,2020-09-03,83,0.9898397,0.3621456,2449.2078,county,fb-survey
320,53035,smoothed_wcli,2020-06-12,2020-09-03,83,0.461646,0.4403409,315.392,county,fb-survey
321,53053,smoothed_wcli,2020-06-12,2020-09-03,83,0.3140408,0.1031087,2157.4527,county,fb-survey
322,53061,smoothed_wcli,2020-06-12,2020-09-03,83,0.3007671,0.1530562,1532.9515,county,fb-survey
323,53027,smoothed_wcli,2020-06-13,2020-09-03,82,0.7541446,0.6450385,125.9331,county,fb-survey
324,53033,smoothed_wcli,2020-06-13,2020-09-03,82,0.7954562,0.1980783,2506.9534,county,fb-survey
325,53035,smoothed_wcli,2020-06-13,2020-09-03,82,0.5128888,0.5222406,326.4024,county,fb-survey
326,53053,smoothed_wcli,2020-06-13,2020-09-03,82,0.354101,0.1211348,2204.8615,county,fb-survey
327,53061,smoothed_wcli,2020-06-13,2020-09-03,82,0.3172456,0.1570527,1534.1706,county,fb-survey
328,53027,smoothed_wcli,2020-06-14,2020-09-03,81,0.7542904,0.6451269,125.7955,county,fb-survey
329,53033,smoothed_wcli,2020-06-14,2020-09-03,81,0.6383405,0.1806164,2549.9937,county,fb-survey
330,53035,smoothed_wcli,2020-06-14,2020-09-03,81,0.5027292,0.5142324,342.3784,county,fb-survey
331,53053,smoothed_wcli,2020-06-14,2020-09-03,81,0.3556456,0.1227088,2159.5198,county,fb-survey
332,53061,smoothed_wcli,2020-06-14,2020-09-03,81,0.4767629,0.2491839,1563.5232,county,fb-survey
333,53027,smoothed_wcli,2020-06-15,2020-09-03,80,1.5571343,1.0272444,132.1128,county,fb-survey
334,53033,smoothed_wcli,2020-06-15,2020-09-03,80,0.6378691,0.1805506,2532.8503,county,fb-survey
335,53035,smoothed_wcli,2020-06-15,2020-09-03,80,0.4878535,0.5056325,357.3272,county,fb-survey
336,53053,smoothed_wcli,2020-06-15,2020-09-03,80,0.2945788,0.1126835,2182.5692,county,fb-survey
337,53061,smoothed_wcli,2020-06-15,2020-09-03,80,0.4585384,0.2525328,1538.7014,county,fb-survey
338,53027,smoothed_wcli,2020-06-16,2020-09-03,79,1.5766215,1.0382741,130.2665,county,fb-survey
339,53033,smoothed_wcli,2020-06-16,2020-09-03,79,0.6115323,0.1791686,2559.2376,county,fb-survey
340,53035,smoothed_wcli,2020-06-16,2020-09-03,79,0.4789142,0.5039359,376.2968,county,fb-survey
341,53053,smoothed_wcli,2020-06-16,2020-09-03,79,0.3980876,0.1502134,2160.4106,county,fb-survey
342,53061,smoothed_wcli,2020-06-16,2020-09-03,79,0.4852785,0.2596889,1549.4969,county,fb-survey
343,53027,smoothed_wcli,2020-06-17,2020-09-03,78,1.270734,1.0238319,120.7393,county,fb-survey
344,53033,smoothed_wcli,2020-06-17,2020-09-03,78,0.5247565,0.1671471,2549.875,county,fb-survey
345,53035,smoothed_wcli,2020-06-17,2020-09-03,78,0.5785676,0.488575,378.2664,county,fb-survey
346,53053,smoothed_wcli,2020-06-17,2020-09-03,78,0.4757659,0.1885635,2167.4029,county,fb-survey
347,53061,smoothed_wcli,2020-06-17,2020-09-03,78,0.4894378,0.2619609,1545.6894,county,fb-survey
348,53027,smoothed_wcli,2020-06-18,2020-09-03,77,1.3976728,1.1198313,105.6003,county,fb-survey
349,53033,smoothed_wcli,2020-06-18,2020-09-03,77,0.3565511,0.1248873,2500.9391,county,fb-survey
350,53035,smoothed_wcli,2020-06-18,2020-09-03,77,0.572655,0.4860893,379.2424,county,fb-survey
351,53053,smoothed_wcli,2020-06-18,2020-09-03,77,0.4396063,0.1851249,2083.4342,county,fb-survey
352,53061,smoothed_wcli,2020-06-18,2020-09-03,77,0.3645574,0.2312471,1503.6242,county,fb-survey
353,53033,smoothed_wcli,2020-06-19,2020-09-03,76,0.2469855,0.0971344,2383.1273,county,fb-survey
354,53035,smoothed_wcli,2020-06-19,2020-09-03,76,0.1365902,0.212802,351.2288,county,fb-survey
355,53053,smoothed_wcli,2020-06-19,2020-09-03,76,0.6311762,0.2471098,1960.2565,county,fb-survey
356,53061,smoothed_wcli,2020-06-19,2020-09-03,76,0.4284299,0.2532547,1420.3435,county,fb-survey
357,53033,smoothed_wcli,2020-06-20,2020-09-03,75,0.1201062,0.0672626,2363.5512,county,fb-survey
358,53035,smoothed_wcli,2020-06-20,2020-09-03,75,0.1359528,0.2119136,350.2184,county,fb-survey
359,53053,smoothed_wcli,2020-06-20,2020-09-03,75,0.5745866,0.2433314,1873.5847,county,fb-survey
360,53061,smoothed_wcli,2020-06-20,2020-09-03,75,0.4206395,0.2538054,1391.819,county,fb-survey
361,53033,smoothed_wcli,2020-06-21,2020-09-03,74,0.1476784,0.0728956,2320.7059,county,fb-survey
362,53035,smoothed_wcli,2020-06-21,2020-09-03,74,0.1288362,0.216592,341.2592,county,fb-survey
363,53053,smoothed_wcli,2020-06-21,2020-09-03,74,0.5425559,0.2434824,1805.0482,county,fb-survey
364,53061,smoothed_wcli,2020-06-21,2020-09-03,74,0.2798621,0.152877,1310.0346,county,fb-survey
365,53033,smoothed_wcli,2020-06-22,2020-09-03,73,0.4762135,0.3021782,2321.0537,county,fb-survey
366,53035,smoothed_wcli,2020-06-22,2020-09-03,73,0.1307725,0.2198905,333.256,county,fb-survey
367,53053,smoothed_wcli,2020-06-22,2020-09-03,73,0.5502169,0.2472028,1686.1011,county,fb-survey
368,53061,smoothed_wcli,2020-06-22,2020-09-03,73,0.3159542,0.1645113,1214.6848,county,fb-survey
369,53033,smoothed_wcli,2020-06-23,2020-09-03,72,0.4201656,0.3000261,2257.0353,county,fb-survey
370,53035,smoothed_wcli,2020-06-23,2020-09-03,72,0.4146855,0.349085,315.2424,county,fb-survey
371,53053,smoothed_wcli,2020-06-23,2020-09-03,72,0.4839182,0.228722,1637.7592,county,fb-survey
372,53061,smoothed_wcli,2020-06-23,2020-09-03,72,0.2703042,0.1590521,1183.821,county,fb-survey
373,53033,smoothed_wcli,2020-06-24,2020-09-03,71,0.4393726,0.2956053,2278.3801,county,fb-survey
374,53035,smoothed_wcli,2020-06-24,2020-09-03,71,0.3615008,0.3268133,323.2424,county,fb-survey
375,53053,smoothed_wcli,2020-06-24,2020-09-03,71,0.3054119,0.1870421,1579.5464,county,fb-survey
376,53061,smoothed_wcli,2020-06-24,2020-09-03,71,0.2752842,0.162087,1150.8384,county,fb-survey
377,53033,smoothed_wcli,2020-06-25,2020-09-03,70,0.4940577,0.2960193,2313.5517,county,fb-survey
378,53035,smoothed_wcli,2020-06-25,2020-09-03,70,0.3594008,0.3256737,326.2224,county,fb-survey
379,53053,smoothed_wcli,2020-06-25,2020-09-03,70,0.308574,0.1901871,1564.8521,county,fb-survey
380,53061,smoothed_wcli,2020-06-25,2020-09-03,70,0.3749282,0.1898508,1156.3657,county,fb-survey
381,53033,smoothed_wcli,2020-06-26,2020-09-03,69,0.4636635,0.2884137,2440.694,county,fb-survey
382,53035,smoothed_wcli,2020-06-26,2020-09-03,69,0.345165,0.3146838,352.2192,county,fb-survey
383,53053,smoothed_wcli,2020-06-26,2020-09-03,69,0.1770961,0.1004114,1605.9764,county,fb-survey
384,53061,smoothed_wcli,2020-06-26,2020-09-03,69,0.2592825,0.1487749,1168.4039,county,fb-survey
385,53033,smoothed_wcli,2020-06-27,2020-09-03,68,0.4479924,0.2872184,2526.6797,county,fb-survey
386,53035,smoothed_wcli,2020-06-27,2020-09-03,68,0.3367521,0.3083991,366.2664,county,fb-survey
387,53053,smoothed_wcli,2020-06-27,2020-09-03,68,0.2438636,0.1140648,1648.6206,county,fb-survey
388,53061,smoothed_wcli,2020-06-27,2020-09-03,68,0.2564835,0.1463192,1208.5282,county,fb-survey
389,53027,smoothed_wcli,2020-06-28,2020-09-03,67,0.0,0.4631345,103.0724,county,fb-survey
390,53033,smoothed_wcli,2020-06-28,2020-09-03,67,0.4879649,0.289027,2583.275,county,fb-survey
391,53035,smoothed_wcli,2020-06-28,2020-09-03,67,0.4190346,0.3136019,384.3168,county,fb-survey
392,53053,smoothed_wcli,2020-06-28,2020-09-03,67,0.2701683,0.1168705,1695.7881,county,fb-survey
393,53061,smoothed_wcli,2020-06-28,2020-09-03,67,0.1543574,0.1260104,1259.046,county,fb-survey
394,53027,smoothed_wcli,2020-06-29,2020-09-03,66,0.0,0.4589182,103.976,county,fb-survey
395,53033,smoothed_wcli,2020-06-29,2020-09-03,66,0.2061606,0.090966,2638.8472,county,fb-survey
396,53035,smoothed_wcli,2020-06-29,2020-09-03,66,0.4150365,0.3105448,393.344,county,fb-survey
397,53053,smoothed_wcli,2020-06-29,2020-09-03,66,0.3262667,0.1253296,1794.2538,county,fb-survey
398,53061,smoothed_wcli,2020-06-29,2020-09-03,66,0.2056082,0.134268,1311.8225,county,fb-survey
399,53027,smoothed_wcli,2020-06-30,2020-09-03,65,0.0,0.4428446,108.0141,county,fb-survey
400,53033,smoothed_wcli,2020-06-30,2020-09-03,65,0.2573537,0.101543,2726.8661,county,fb-survey
401,53035,smoothed_wcli,2020-06-30,2020-09-03,65,0.1578549,0.1865967,409.388,county,fb-survey
402,53053,smoothed_wcli,2020-06-30,2020-09-03,65,0.2619318,0.1190991,1815.7664,county,fb-survey
403,53061,smoothed_wcli,2020-06-30,2020-09-03,65,0.2402937,0.1368951,1350.4789,county,fb-survey
